CytScore.log2,Taxane.MitosisScore,Taxane.CeramideScore,Taxane.FinalScore,STAT1.gsva,GGI.gsva,GEP.gsva,ESC.gsva,STAT1.ssgsea.norm,GGI.ssgsea.norm,GEP.ssgsea.norm,ESC.ssgsea.norm,STAT1.ssgsea.notnorm,GGI.ssgsea.notnorm,ESC.ssgsea.notnorm,Swanton.MitosisScore,Swanton.CeramideScore,Swanton.PaclitaxelScore,B2M,TAP1,TAP2,HLA.A,HLA.B,HLA.C,HLA.DPA1,HLA.DPB1,HLA.E,HLA.F,PD.1,CTLA.4,LAG3,TIGIT,TIM3,PD.L1,PD.L2,CD27,ICOS,IDO1,TIDE.Dysfunction,TIDE.Exclusion,TIDE.MDSC,TIDE.CAF,TIDE.TAM.M2,TIDE.IFNG,TIDE.CD274,TIDE.CD8
2.066,3.327455825,2.955249741,0.372206084,-0.181,0.319,-0.519,0.156,1.41,1.586,1.439,1.697,20144.253,22654.541,24244.436,3.327455825,2.955249741,0.372206084,4.9122,2.87492,1.07754,4.82698,4.94053,4.91248,2.92701,3.02751,3.84341,2.542,0.1255,0.10701,-1.06235,0.11475,-1.08685,-0.14528,-0.12259,0.70619,-0.1006,-0.36002,0.27,-0.7,0.04,-0.14,0,-2.07,-1.29,-1.75
5.352,3.477028924,3.305733832,0.171295092,0.613,0.355,0.633,0.387,1.611,1.595,1.72,1.725,23011.118,22789.455,24644.274,3.477028924,3.305733832,0.171295092,5.23849,2.78337,1.26691,4.62992,4.91237,4.41089,3.82614,3.8955,4.38732,2.53665,-1.1878,-0.85125,-1.04186,-1.00239,-1.51155,-0.45691,-1.15474,2.30395,0.89138,-1.41001,0.33,-0.36,0.01,-0.07,0,0.1,-0.62,0.85
6.467,3.861502681,4.030199398,-0.168696716,0.616,0.309,0.771,0.162,1.628,1.552,1.79,1.68,23258.366,22170.866,23999.995,3.861502681,4.030199398,-0.168696716,5.02682,3.72125,1.88228,5.33453,5.4716,5.07914,3.47119,3.66269,4.72446,3.17169,-1.90326,-1.21,-2.03039,-1.28025,-1.78802,-0.9584,-0.91578,2.5121,0.80119,-1.60873,0.91,-2.25,-0.07,-0.22,-0.05,1.11,0.59,1.77
4.589,4.263282291,3.16070995,1.102572341,0.612,0.469,0.659,0.297,1.65,1.615,1.744,1.722,23579.386,23072.882,24605.398,4.263282291,3.16070995,1.102572341,5.16276,3.47011,1.94656,4.8207,5.06798,4.63258,3.48823,3.6157,4.08192,2.92513,-1.14621,-1.46498,-1.74792,-1.11701,-1.73799,-1.08518,-1.19764,1.88486,1.28942,-2.77915,0.33,-0.71,0.02,-0.04,-0.09,1.3,0.77,0.39
3.423,4.339670247,3.601735068,0.737935179,-0.48,0.556,-0.44,0.516,1.373,1.641,1.482,1.735,19616.471,23446.483,24794.642,4.339670247,3.601735068,0.737935179,4.2229,2.15734,0.8903,4.02621,4.13535,4.35193,2.40676,2.65596,3.71449,1.72077,-0.06311,-0.12769,-0.33117,-0.28976,-0.83365,0.10323,-0.35258,1.18891,0.11819,-0.36726,-0.37,0.46,0.09,-0.08,0.06,-1.94,-1.65,-0.23
1.941,2.844999652,3.39757442,-0.552574768,-0.675,-0.394,-0.734,-0.444,1.246,1.476,1.32,1.645,17795.832,21084.872,23497.442,2.844999652,3.39757442,-0.552574768,4.58999,2.04149,0.58459,4.48259,4.67119,4.53827,3.08066,3.37794,3.65068,1.54187,0.08861,-0.06698,-0.24792,0.171,-0.96464,0.2594,-0.44065,0.833,-0.2619,0.254,0.5,0.75,0.02,0.06,0.06,-3.08,-1.97,-2.21
3.654,3.03529892,2.801547952,0.233750968,-0.112,-0.226,-0.244,-0.278,1.474,1.536,1.567,1.675,21065.667,21939.031,23934.9,3.03529892,2.801547952,0.233750968,4.43602,2.48232,1.04573,4.24536,4.43896,4.06492,2.98886,3.28155,3.84214,2.21342,-0.73779,-0.37634,-0.72605,-0.56383,-0.98133,-0.22945,-0.32501,1.92991,0.19967,-0.64315,1.05,-1.31,-0.03,-0.17,0.02,-1.42,-1.04,-0.11
5.98,2.048620529,3.966042495,-1.917421966,0.616,-0.526,0.716,-0.348,1.649,1.438,1.789,1.664,23555.94,20539.03,23769.117,2.048620529,3.966042495,-1.917421966,5.63177,3.11468,1.75403,5.1239,5.40247,4.97787,4.03834,4.24862,4.78931,3.0949,-1.44485,-1.91063,-1.2473,-1.50408,-1.66911,-0.85416,-1.37899,2.52887,1.35837,-2.02465,1.7,-0.27,-0.07,0.06,-0.02,0.71,0.11,1.65
3.824,2.924566671,3.652361776,-0.727795105,-0.394,-0.279,-0.218,-0.103,1.411,1.499,1.526,1.673,20159.029,21417.984,23904.927,2.924566671,3.652361776,-0.727795105,4.43529,2.16633,0.8984,4.32062,4.52366,4.59111,2.9637,3.44404,3.9706,2.2006,-0.46006,-0.51344,-0.31338,-0.4958,-1.03208,-0.09111,-0.40677,1.80048,0.27194,-0.33697,1.11,0.83,0.02,0.08,0.06,-1.47,-1.2,-0.36
3.181,2.418737537,3.796495024,-1.377757487,0.048,-0.529,0.055,-0.413,1.453,1.413,1.548,1.634,20764.736,20182.046,23349.728,2.418737537,3.796495024,-1.377757487,4.88038,2.48674,0.77549,4.67047,4.78337,4.66125,3.5661,3.79066,4.02215,2.12894,-0.21226,-0.29542,-1.197,-0.17163,-1.78858,-0.27071,-0.85508,1.12367,0.07538,-0.77851,1.1,0.4,-0.05,0.14,0,-1.01,-0.87,-1.25
3.448,3.196345475,2.62264605,0.573699425,-0.132,0.122,0.213,0.113,1.469,1.58,1.619,1.715,20985.603,22569.513,24503.459,3.196345475,2.62264605,0.573699425,5.17508,3.21341,1.11233,4.89174,5.13065,4.95295,3.33678,3.53276,4.37194,2.11496,-0.62559,-0.29908,-0.54787,-0.432,-1.40471,-0.27558,-0.44722,1.10961,0.25088,-1.40513,0.09,-0.09,0.01,-0.03,0.03,-0.91,-1.16,-0.67
3.441,4.913713097,3.529904297,1.3838088,-0.413,0.648,-0.39,0.542,1.418,1.728,1.514,1.779,20262.91,24693.636,25417.178,4.913713097,3.529904297,1.3838088,4.48418,2.32945,1.19784,4.16414,4.23054,3.91961,3.1788,3.3306,3.82436,1.74634,-0.2335,-0.16378,-0.54394,-0.22648,-1.25913,-0.21711,-0.65043,1.0862,0.12858,-1.00855,-1.27,0.14,0.08,-0.13,0.07,-1.19,-1.03,-0.28
4.974,5.54381237,3.611830309,1.931982061,0.498,0.636,0.347,0.574,1.587,1.716,1.654,1.781,22666.825,24517.729,25445.453,5.54381237,3.611830309,1.931982061,4.82134,3.76919,2.30464,4.91573,5.06642,4.65329,2.79003,2.86163,3.98952,2.97307,-0.77229,-0.87601,-1.32881,-0.55023,-1.29254,-1.04802,-1.01662,1.25584,0.708,-2.69911,-1.03,-0.62,0.1,-0.15,-0.06,0.34,0.67,0.15
5.176,3.812038235,3.768022362,0.044015873,0.668,0.482,0.788,0.373,1.618,1.599,1.763,1.702,23112.899,22843.518,24313.552,3.812038235,3.768022362,0.044015873,5.14782,3.30496,1.51036,4.90201,5.17419,4.89992,3.5859,3.83478,4.34645,2.65563,-1.26558,-1.16216,-1.416,-0.92718,-1.68245,-0.94831,-1.321,2.18403,0.94762,-2.09166,0.84,-1.22,-0.06,-0.1,-0.02,0.85,0.42,0.82
6.365,3.208775398,3.835892013,-0.627116616,0.805,-0.321,0.841,-0.123,1.738,1.485,1.865,1.682,24835.863,21212.68,24028.108,3.208775398,3.835892013,-0.627116616,5.50118,3.78012,1.89671,5.26195,5.43677,5.27558,4.26884,4.38676,4.64418,3.1003,-1.62507,-1.64078,-2.20303,-1.43888,-2.17189,-1.28626,-2.00537,2.76749,1.5735,-2.32838,1.17,-1.52,-0.14,0,-0.1,1.66,1.09,1.49
2.953,3.233630097,4.646020486,-1.412390389,-0.659,-0.042,-0.679,0.29,1.32,1.52,1.447,1.692,18863.217,21719.178,24174.977,3.233630097,4.646020486,-1.412390389,4.37605,2.04896,0.781,4.0225,4.1943,3.73173,3.01197,3.20289,3.77395,1.72573,-0.11784,-0.21695,-0.18973,0.0056,-1.04414,-0.11299,-0.54558,1.23398,-0.16825,-0.43382,-0.22,1.45,0.06,0.1,0.09,-1.95,-1.23,-1.08
3.544,2.598504218,3.936239553,-1.337735335,-0.442,-0.472,-0.399,-0.107,1.371,1.455,1.465,1.66,19580.77,20781.724,23709.656,2.598504218,3.936239553,-1.337735335,4.40322,2.52952,1.12375,4.20764,4.45625,4.5021,2.84373,3.16303,4.13572,2.15046,-0.42159,-0.20124,-0.33172,0.05853,-0.74304,-0.01769,-0.76354,1.34349,-0.17389,-0.08539,0.82,0.37,0.02,-0.01,0.06,-2.01,-1.35,-0.48
4.429,0.522171674,4.012620257,-3.490448583,0.049,-0.798,0.365,-0.548,1.498,1.216,1.62,1.598,21400.797,17378.026,22833.528,0.522171674,4.012620257,-3.490448583,5.04376,2.64558,1.3806,4.60407,4.85763,4.6797,3.32808,3.76181,4.57594,2.63304,-0.9378,-0.61785,-0.40612,-0.7614,-0.96122,-0.38338,-1.03871,2.0636,0.42288,-0.77493,1.39,-0.07,-0.1,0.09,0.04,-1.02,-0.74,0.3
3.89,4.005166088,4.342702373,-0.337536285,0.3,0.437,0.343,0.452,1.482,1.587,1.58,1.713,21173.444,22672.949,24474.589,4.005166088,4.342702373,-0.337536285,4.92079,2.68828,1.22122,4.4723,4.69452,4.67114,3.35803,3.45997,3.94686,2.545,-0.40565,-0.46186,-0.43298,-0.21378,-1.66604,-0.33222,-0.89687,1.30197,0.35373,-1.33721,-0.28,-0.07,0.01,-0.03,0.02,-0.34,-0.7,-0.19
4.447,3.489825043,3.126474417,0.363350626,0.416,0.305,0.638,0.153,1.536,1.575,1.693,1.693,21942.959,22504.536,24192.423,3.489825043,3.126474417,0.363350626,4.82294,2.8976,1.33401,4.70216,5.04936,4.66737,3.64977,3.79901,4.21016,2.65928,-1.03376,-0.97777,-1.06124,-0.62374,-1.45964,-0.82604,-1.12314,1.88226,0.47725,-1.82908,1.17,-0.01,0.01,0.04,-0.03,0.37,0.2,0.19
4.758,3.088205158,4.386446424,-1.298241266,0.28,-0.499,0.548,0.058,1.523,1.43,1.657,1.663,21761.374,20430.232,23757.017,3.088205158,4.386446424,-1.298241266,4.77662,2.79069,1.3033,4.60859,4.84298,4.49316,3.63458,3.75777,3.98761,2.55415,-1.05343,-1.03337,-0.61084,-0.9674,-1.78878,-0.61474,-0.88472,2.04307,0.79028,-1.0491,0.79,-0.38,-0.11,0.04,0.03,-0.29,-0.1,0.97
3.899,5.154015062,3.287309609,1.866705453,-0.177,0.709,0.16,0.594,1.453,1.742,1.585,1.789,20761.869,24885.524,25559.626,5.154015062,3.287309609,1.866705453,4.59629,2.61788,0.95492,4.58292,4.4381,3.97537,3.00548,3.35424,3.8648,1.98319,-0.51821,-0.48085,-0.94781,-0.30922,-1.29685,-0.32985,-0.81407,1.6418,0.36125,-0.83543,-0.64,0.99,0.12,-0.01,0.05,-0.97,-0.83,-0.09
0.74,1.586478982,2.924387,-1.337908018,-0.681,-0.586,-0.717,-0.543,1.219,1.407,1.293,1.637,17409.329,20101.702,23386.705,1.586478982,2.924387,-1.337908018,4.80346,2.04369,0.66097,4.24142,4.49587,4.41663,2.779,2.92826,3.62569,1.90061,0.36636,0.12189,-0.33987,0.10606,-1.00583,0.19108,-0.08663,0.25836,-0.23348,0.27551,-0.07,-0.01,-0.01,-0.03,0.06,-3.13,-1.93,-2.92
5.9,4.074983659,3.299690113,0.775293546,0.682,0.494,0.823,0.207,1.676,1.652,1.865,1.737,23941.468,23597.21,24817.969,4.074983659,3.299690113,0.775293546,5.83125,4.01962,2.25001,5.68421,6.00651,5.59092,4.06334,4.31957,4.74496,3.55451,-2.10481,-1.69927,-1.86582,-1.1706,-2.10776,-1.71096,-1.64618,2.92728,1.05097,-3.10147,1.03,-2.07,-0.08,-0.19,-0.04,1.16,1.44,1.25
5.698,3.758147634,3.848857794,-0.09071016,0.632,0.113,0.703,0.146,1.626,1.551,1.76,1.702,23225.169,22157.079,24314.346,3.758147634,3.848857794,-0.09071016,5.20233,3.32213,1.44867,5.02359,5.20138,4.74736,3.73755,4.07919,4.53534,2.91586,-1.38578,-1.18607,-1.37898,-1.23219,-1.37342,-0.75448,-1.11851,2.51074,1.08181,-1.79871,1.7,-1.26,-0.07,-0.1,-0.02,0.69,0,1.39
2.609,4.56703751,3.629400719,0.93763679,-0.54,0.631,-0.513,0.5,1.363,1.698,1.492,1.745,19471.358,24258.365,24932.06,4.56703751,3.629400719,0.93763679,4.56194,2.35784,1.02834,4.50462,4.25152,4.2473,2.82724,3.01984,3.61969,1.71285,-0.36828,-0.40804,-0.26616,-0.17442,-1.10543,0.13149,-0.21029,1.82693,0.20043,-0.1723,-0.47,-0.56,0.06,-0.19,0.05,-1.85,-1.79,-1.47
1.539,0.745632966,4.477929843,-3.732296878,-0.509,-0.78,-0.635,-0.362,1.347,1.215,1.4,1.602,19245.328,17353.815,22889.393,0.745632966,4.477929843,-3.732296878,4.94363,2.66136,1.09168,4.65528,5.05253,4.47627,2.79105,3.0275,3.98545,2.13307,0.09687,-0.20395,-0.1797,0.17274,-0.99133,-0.19604,-0.64318,0.93957,-0.10245,-0.16044,0.15,1.29,-0.01,0.21,0.02,-2.14,-1.07,-2.16
6.433,2.690675534,4.461196533,-1.770520999,0.705,-0.515,0.852,-0.362,1.728,1.445,1.83,1.66,24694.15,20649.712,23721.196,2.690675534,4.461196533,-1.770520999,5.50995,3.26863,1.78204,4.95626,5.46412,4.82035,4.15113,4.28797,4.7968,3.25389,-1.33022,-1.68958,-1.50652,-1.72555,-1.64906,-1.06174,-1.59131,3.01449,1.39777,-2.08792,2.09,-1.68,-0.16,-0.03,-0.06,1.41,0.69,2.85
5.439,4.095497328,4.314090196,-0.218592868,0.567,0.208,0.819,0.156,1.612,1.545,1.8,1.698,23037.227,22075.381,24263.973,4.095497328,4.314090196,-0.218592868,5.11308,2.9349,1.60469,4.86116,5.08367,4.71419,3.84424,4.06033,4.32748,2.70042,-1.6266,-1.45662,-1.68182,-1.07677,-1.93889,-1.28412,-1.7776,2.0778,0.97996,-1.92847,0.65,0.26,-0.03,0.15,-0.07,1.55,1.28,0.82
6.129,3.927366522,3.932168664,-0.004802141,0.714,0.242,0.9,0.168,1.719,1.563,1.87,1.705,24552.934,22332.074,24361.699,3.927366522,3.932168664,-0.004802141,5.37353,3.68142,2.20994,5.39521,5.49343,5.30866,4.15736,4.33974,4.63667,3.36686,-1.77214,-1.73816,-2.11592,-1.55285,-2.16981,-1.57065,-1.90538,2.53643,1.4624,-2.90999,0.97,-1.75,-0.09,-0.06,-0.12,1.93,1.75,1.74
5.671,4.599079946,3.761384074,0.837695872,0.598,0.48,0.704,0.435,1.638,1.642,1.78,1.736,23408.262,23457.862,24800.236,4.599079946,3.761384074,0.837695872,4.9245,3.56367,2.23412,4.89222,5.12185,4.58933,3.5493,3.6672,4.19969,3.07295,-1.68605,-1.53592,-1.73734,-1.29477,-1.63431,-1.3944,-1.44094,2.13183,1.20771,-2.35438,-0.14,-0.13,0.05,-0.03,-0.04,1.57,1.56,1.13
5.562,3.26924783,3.837357331,-0.568109501,0.61,0.025,0.768,0.138,1.621,1.53,1.793,1.689,23157.17,21856.134,24128.156,3.26924783,3.837357331,-0.568109501,5.45198,3.05985,1.44059,4.73734,5.38649,5.23772,3.73435,4.21969,4.48158,3.02259,-1.45627,-1.28566,-1.49994,-1.10639,-1.82749,-0.96532,-1.34497,2.81688,0.91979,-2.35203,1.27,-0.99,-0.07,-0.02,-0.05,1.13,0.48,1.54
2.177,5.293741111,3.259918705,2.033822405,0.351,0.643,-0.316,0.601,1.517,1.715,1.473,1.782,21668.904,24507.566,25463.194,5.293741111,3.259918705,2.033822405,4.51124,3.09775,1.69649,4.70163,4.75512,4.5038,2.53246,2.58722,3.77361,2.90141,-0.56776,-0.23539,-0.9677,-0.03747,-1.53118,-0.26214,-0.45681,0.45446,0.02514,-2.06927,-1.15,-0.54,0.1,-0.14,-0.06,-1.17,-0.92,-2.59
5.604,3.279725402,3.824841563,-0.545116161,0.637,-0.2,0.682,0.131,1.666,1.506,1.781,1.689,23802.589,21518.351,24137.306,3.279725402,3.824841563,-0.545116161,5.11399,2.79303,1.27604,4.7411,5.10415,4.8533,4.08459,4.15759,4.50054,2.85809,-1.54306,-1.65089,-1.0701,-1.3365,-1.68407,-0.74837,-1.3594,2.78733,1.27773,-1.77797,1.24,-0.85,-0.08,-0.01,-0.03,0.86,0.11,2.65
3.164,1.131698525,4.180204734,-3.048506209,-0.535,-0.688,-0.576,-0.171,1.321,1.244,1.394,1.612,18879.908,17772.108,23027.804,1.131698525,4.180204734,-3.048506209,4.18864,2.06176,0.83544,4.10585,4.17484,3.88328,3.1273,3.36553,3.60512,1.85084,-0.1559,0.10642,-0.28409,0.09004,-1.40958,-0.11655,-0.46729,0.70357,-0.28423,0.1038,0.31,0.48,-0.01,0.06,0.05,-2.44,-1.1,-0.69
3.025,5.539774404,3.029058695,2.510715709,-0.55,0.604,-0.326,0.431,1.315,1.708,1.462,1.75,18789.922,24404.749,25006.732,5.539774404,3.029058695,2.510715709,4.54369,2.88223,1.70295,4.83252,5.24949,5.34563,2.54837,2.66783,4.02386,2.70285,-0.14437,0.02802,-0.66168,-0.20701,-0.70392,-0.14806,-0.23962,0.85589,0.03557,-0.96328,-1.51,0.4,0.13,-0.1,0.03,-0.75,-1.04,0.31
2.485,5.404718283,5.150006093,0.25471219,-0.279,0.7,-0.532,0.474,1.386,1.72,1.426,1.739,19800.631,24568.572,24843.283,5.404718283,5.150006093,0.25471219,4.90522,2.87768,1.30883,4.48357,4.78489,4.61343,2.6497,2.75564,3.69797,2.04203,-0.12936,0.30125,-0.73299,0.10869,-0.96161,-0.32224,-0.12974,0.45837,-0.10473,-0.2923,-1.05,0.03,0.09,-0.1,0.02,-1.53,-0.71,-0.98
3.285,3.783787375,4.028138917,-0.244351543,0.432,0.358,0.37,0.306,1.534,1.59,1.614,1.717,21912.283,22718.229,24535.781,3.783787375,4.028138917,-0.244351543,4.99752,2.54818,1.26964,4.48375,4.75726,4.48235,3.20462,3.35855,3.99367,2.19819,-0.568,-0.72952,-0.55626,-0.49139,-1.51868,-0.72921,-0.79119,1.86967,0.53332,-1.2721,0.04,-0.18,0,0.01,-0.02,-0.69,-0.11,-0.58
2.506,3.406007022,4.066353882,-0.66034686,-0.499,-0.141,-0.31,0.189,1.386,1.514,1.5,1.689,19802.746,21629.795,24127.596,3.406007022,4.066353882,-0.66034686,4.84508,2.21149,0.93783,4.47785,4.70319,4.38097,3.72872,3.91631,3.9223,2.21046,0.05931,-0.3444,-0.16447,-0.10209,-1.64261,-0.38307,-1.06402,1.13952,0.22022,-0.10264,-0.15,1.34,0,0.18,0.06,-1.35,-0.68,-1.3
4.456,5.415150247,4.379907628,1.035242619,-0.181,0.657,0.14,0.515,1.417,1.72,1.581,1.751,20246.024,24571.873,25018.31,5.415150247,4.379907628,1.035242619,4.24433,2.32887,1.00731,3.79453,4.12171,4.14056,2.82564,2.95819,3.30347,1.86767,-0.7079,-0.39663,-0.89924,-0.50492,-0.94243,-0.37029,-0.45757,1.65906,0.27439,-0.98719,-0.45,-1.04,0.05,-0.24,0.03,-0.52,-0.61,-0.03
4.884,3.062127718,3.929183347,-0.867055629,0.482,0.127,0.667,0.109,1.557,1.537,1.715,1.678,22245.442,21959.723,23969.202,3.062127718,3.929183347,-0.867055629,5.12999,3.21041,1.46432,5.01139,5.36736,5.09583,3.57028,3.78586,4.29537,2.78919,-1.17668,-1.08555,-1.2225,-1.00737,-1.37742,-0.67039,-0.92906,2.3758,0.76959,-1.34403,1.32,-0.46,-0.03,-0.05,0.02,-0.03,-0.09,1.02
6.241,3.870402894,4.545305663,-0.674902769,0.713,0.578,0.83,0.39,1.676,1.618,1.808,1.71,23950.019,23121.337,24424.204,3.870402894,4.545305663,-0.674902769,5.3295,3.48512,1.97496,4.92673,5.1732,4.93841,3.64694,3.7881,4.38909,2.91494,-1.71906,-1.63436,-2.06621,-1.10919,-1.77172,-1.17091,-1.29305,2.40908,1.16196,-2.24938,1.3,-0.73,-0.02,-0.02,-0.06,1.4,1.03,1.32
2.837,1.824738536,5.041847202,-3.217108666,-0.578,-0.634,-0.609,-0.419,1.323,1.388,1.385,1.636,18899.004,19828.148,23376.349,1.824738536,5.041847202,-3.217108666,4.79268,2.16996,1.23899,4.21819,4.59192,4.25389,3.03758,3.21129,4.10769,2.12436,0.09756,-0.1187,-0.44118,0.44228,-0.84945,-0.25945,-0.88299,0.52697,-0.33794,-0.33109,0.06,0.7,0,0.08,0.06,-2.11,-0.92,-1.89
5.429,2.703973727,5.255781888,-2.551808161,0.71,-0.447,0.758,0.063,1.679,1.462,1.79,1.678,23989.043,20881.827,23980.372,2.703973727,5.255781888,-2.551808161,5.41307,3.26332,1.36302,4.87827,5.17308,4.60458,3.98671,3.93904,4.34286,2.79296,-1.48129,-1.34914,-1.56527,-1.40189,-1.92455,-1.20186,-1.54558,2.514,1.40434,-1.63397,0.55,-2.27,-0.12,-0.19,-0.04,0.83,0.86,1.36
4.91,3.189678314,4.335710051,-1.146031736,0.684,0.017,0.684,0.224,1.612,1.509,1.718,1.683,23035.877,21562.897,24047.755,3.189678314,4.335710051,-1.146031736,5.03945,3.06687,1.3211,4.86707,5.01845,4.84459,3.56425,3.67159,4.30543,2.50858,-1.1192,-1.20486,-1.33867,-1.1537,-1.59974,-0.73705,-1.01574,2.29714,1.14998,-1.47569,0.62,-0.82,-0.07,-0.06,0.01,0.36,0.06,1.27
4.508,2.722298424,4.770528156,-2.048229732,0.443,-0.259,0.553,-0.351,1.525,1.502,1.64,1.664,21793.42,21452.908,23768.794,2.722298424,4.770528156,-2.048229732,5.00381,2.65375,1.38445,4.65669,4.99939,4.73662,3.46248,3.79619,4.4196,2.45656,-1.01533,-0.75971,-0.66253,-0.7605,-2.04275,-0.45802,-0.81138,2.15684,0.53502,-0.41483,1.28,-0.83,-0.11,0.01,0,-1.12,-0.6,0.05
1.652,3.088085302,3.961441325,-0.873356023,-0.736,-0.376,-0.719,0.17,1.229,1.465,1.32,1.677,17563.095,20925.487,23959.452,3.088085302,3.961441325,-0.873356023,4.33157,2.01198,0.59585,3.91517,4.07666,3.98077,3.00229,3.13408,3.55647,1.7735,0.3315,0.17801,-0.17859,0.3385,-1.16763,-0.03011,-0.50687,0.43943,-0.2842,0.24065,-0.69,1.52,0.06,0.12,0.08,-2.57,-1.34,-2.04
3.141,3.671803315,3.244636106,0.427167209,-0.614,0.161,-0.575,0.047,1.35,1.58,1.452,1.721,19292.545,22570.117,24594.077,3.671803315,3.244636106,0.427167209,4.59313,2.18623,1.42237,4.5719,4.50937,4.5696,2.90182,3.08286,4.07287,2.3118,-0.17409,-0.00547,-0.15733,-0.15905,-0.94164,-0.0741,-0.65353,1.42043,-0.23469,-0.14619,0.18,1.18,0.07,0.07,0.06,-2.51,-1.32,-0.21
1.317,2.73057819,3.098113226,-0.367535036,-0.662,-0.502,-0.652,-0.447,1.288,1.493,1.344,1.684,18402.108,21335.266,24063.527,2.73057819,3.098113226,-0.367535036,4.94567,2.00181,1.0655,4.26479,4.60366,4.30617,3.18093,3.36926,4.13167,2.05079,0.31394,0.1267,0.28743,0.23406,-1.15184,-0.07298,-0.41754,0.52657,-0.27674,0.14114,-0.11,1.45,0.03,0.16,0.06,-2.92,-1.44,-2
4.374,1.445100508,4.146541088,-2.70144058,-0.34,-0.774,-0.235,-0.45,1.413,1.261,1.524,1.6,20187.112,18017.017,22856.761,1.445100508,4.146541088,-2.70144058,4.48999,2.26852,1.11485,4.33513,4.53582,4.30182,3.29012,3.56389,4.30315,2.32088,-0.82831,-0.7089,-0.52066,-0.30946,-1.21856,-0.24299,-0.82148,1.67846,0.23568,-0.41503,1.34,0.82,-0.05,0.17,0.03,-1.96,-0.89,-0.44
1.176,4.409759492,2.125598572,2.28416092,-0.751,0.545,-0.77,0.271,1.115,1.685,1.2,1.735,15933.984,24071.023,24781.965,4.409759492,2.125598572,2.28416092,3.6133,1.2705,0.49551,3.62961,3.53346,3.6006,2.04344,2.53494,3.69201,1.09997,0.22623,0.07887,-0.08567,0.40722,-0.42246,0.30591,-0.25992,0.31453,-0.38608,0.37535,-0.77,1.31,0.15,0.01,0.06,-3.91,-2.12,-1.61
4.611,2.484728335,5.241241256,-2.756512921,0.516,-0.438,0.264,-0.407,1.58,1.449,1.601,1.635,22574.592,20708.106,23352.55,2.484728335,5.241241256,-2.756512921,5.0621,3.06705,1.50883,4.95307,5.23006,5.12145,3.549,3.7079,4.21461,2.76981,-0.96424,-0.75247,-0.80208,-0.73701,-1.53496,-0.5996,-0.60731,2.1416,0.60256,-0.80061,1.17,-0.8,-0.07,-0.04,0,-0.78,-0.2,0.7
2.546,2.85580329,3.103241789,-0.247438499,-0.63,-0.483,-0.644,-0.446,1.275,1.453,1.372,1.639,18219.48,20756.856,23413.43,2.85580329,3.103241789,-0.247438499,4.10757,2.12789,0.8631,4.01779,4.35437,4.10281,2.42211,2.86073,4.06947,1.94233,-0.34334,-0.20019,-0.39628,-0.24801,-0.32679,0.09534,-0.37802,1.58357,0.07021,-0.03388,0.97,-0.1,-0.01,-0.03,0.05,-2.99,-1.61,-1.41
4.602,3.614157042,3.280666531,0.333490511,0.582,0.416,0.726,0.316,1.591,1.607,1.762,1.729,22728.973,22963.665,24699.972,3.614157042,3.280666531,0.333490511,5.58717,3.24067,1.41875,5.23034,5.61673,5.37062,4.09624,4.44785,4.56494,2.98516,-1.492,-1.41531,-1.58252,-0.63728,-2.03272,-0.76181,-1.58035,1.97233,0.84626,-2.46026,0.67,-0.73,-0.04,-0.02,-0.03,0.6,-0.14,-0.59
3.493,1.438337945,5.033787653,-3.595449708,0.337,-0.703,0.032,-0.315,1.507,1.271,1.543,1.605,21528.978,18153.892,22933.145,1.438337945,5.033787653,-3.595449708,5.17402,3.41396,1.92438,4.90025,5.19043,4.95169,3.18944,3.23754,3.88919,2.96496,-0.18432,-0.45604,-1.05599,-0.30006,-0.99336,-1.30086,-0.63435,0.7872,0.4571,-1.08648,-0.26,-1.03,-0.02,-0.07,-0.06,-0.06,1.33,-0.97
3.124,2.377890925,3.828159326,-1.450268402,-0.573,-0.279,-0.643,-0.474,1.381,1.545,1.482,1.687,19724.393,22076.996,24098.463,2.377890925,3.828159326,-1.450268402,4.83436,2.1471,0.86603,4.3825,4.52445,4.33271,3.35827,3.64303,4.07954,2.05916,0.00418,-0.2309,-0.21257,0.01913,-0.73579,-0.08969,-0.45784,1.6657,0.03522,-0.08658,0.6,-0.13,-0.01,-0.05,0.07,-2.58,-1.46,-1.72
3.498,4.690323761,3.725899086,0.964424675,-0.29,0.652,0.326,0.478,1.422,1.707,1.592,1.748,20312.355,24387.605,24977.901,4.690323761,3.725899086,0.964424675,4.63204,3.35267,1.44281,4.87831,4.70739,4.72445,3.28441,3.49543,4.16956,2.36398,-0.63106,-0.83789,-0.69984,-0.66844,-1.25883,-0.42739,-0.48327,1.5499,0.58833,-1.47519,-0.27,-0.71,0.03,-0.16,0.03,-0.41,-0.61,-0.81
2.982,2.284182625,3.204588654,-0.920406029,-0.632,-0.597,-0.551,-0.374,1.325,1.44,1.451,1.675,18936.52,20571.473,23932.637,2.284182625,3.204588654,-0.920406029,4.55038,1.90861,0.82807,4.02229,4.40373,4.28691,3.26214,3.49123,4.25301,1.94156,-0.02148,-0.14359,-0.12365,0.07829,-0.91193,0.13862,-0.41399,1.12734,-0.16206,-0.39797,-0.06,0.46,0.01,0.04,0.05,-2.42,-1.78,-1.03
2.56,3.130388729,3.613295426,-0.482906697,-0.392,0.146,-0.382,-0.032,1.359,1.542,1.43,1.666,19413.635,22029.978,23805.263,3.130388729,3.613295426,-0.482906697,4.91559,2.63179,0.85161,4.51563,4.77346,4.46906,2.84401,3.03422,4.03833,2.37969,-0.28078,-0.4853,-0.36357,0.19777,-1.36952,-0.16722,-0.7539,0.54878,-0.26301,-0.14047,0.61,1.09,0.06,0.15,-0.02,-1.85,-1.12,-1.7
3.72,2.10020455,4.031384069,-1.931179519,0.077,-0.724,-0.105,-0.155,1.474,1.357,1.558,1.643,21060.897,19383.886,23466.248,2.10020455,4.031384069,-1.931179519,4.94545,2.87465,1.45566,4.51969,4.98356,4.82908,2.97073,3.20282,3.81072,2.36439,-0.57706,-0.51493,-0.34226,-0.66993,-1.09692,-0.55113,-0.46876,1.85775,0.40734,-0.6042,0.26,0.27,-0.01,0.05,0.02,-0.93,-0.31,-0.24
3.695,2.151121853,4.910557469,-2.759435616,-0.332,-0.524,-0.369,-0.372,1.45,1.479,1.556,1.672,20720.77,21126.801,23888.844,2.151121853,4.910557469,-2.759435616,4.89175,2.4781,0.90734,4.3236,4.63321,4.40603,2.83406,3.11854,4.02061,2.33209,-0.51939,-0.33072,-0.40614,-0.39942,-0.74561,-0.35204,-0.80576,1.72827,0.22826,-0.47781,0.2,-0.8,-0.03,-0.12,0.05,-1.49,-0.91,-0.82
3.792,4.857188712,3.178277958,1.678910754,0.132,0.638,0.452,0.6,1.491,1.706,1.628,1.782,21301.075,24366.317,25457.353,4.857188712,3.178277958,1.678910754,4.71909,2.83593,1.48858,4.09976,4.56896,4.29172,3.2105,3.40489,3.85388,2.28926,-0.69253,-0.63196,-1.11725,-0.52361,-1.4302,-0.51685,-0.85136,1.51757,0.63747,-1.31164,-1.09,-0.67,0.07,-0.16,0,-0.42,-0.53,-0.61
3.576,4.620541623,3.119201381,1.501340242,0.407,0.605,0.141,0.536,1.523,1.649,1.558,1.749,21762.408,23553.827,24993.769,4.620541623,3.119201381,1.501340242,4.88308,3.0857,1.56333,4.95953,5.02803,4.89291,2.89172,3.06017,3.90471,2.92262,-0.33307,-0.47753,-0.99092,0.00084,-1.62639,-0.37933,-0.91546,0.77297,0.03766,-1.72038,-0.92,0.27,0.08,0.02,-0.06,-0.41,-0.67,-0.69
4.85,2.274696028,4.014932749,-1.740236721,0.135,-0.546,0.525,-0.403,1.528,1.437,1.676,1.64,21829.942,20531.968,23426.263,2.274696028,4.014932749,-1.740236721,4.73334,2.74079,1.35422,4.61473,4.80281,4.39803,3.35729,3.58673,4.35165,2.59139,-1.4449,-0.90212,-0.86041,-1.04141,-0.90544,-0.50142,-0.85283,2.41413,0.76657,-1.25104,1.78,0.06,-0.05,0.05,0.03,-0.65,-0.43,0.83
4.198,3.120139365,3.416360522,-0.296221157,0.08,0.097,0.137,-0.191,1.529,1.562,1.636,1.684,21837.984,22314.221,24056.758,3.120139365,3.416360522,-0.296221157,4.92508,2.49898,1.10161,4.5009,4.85678,4.24421,3.15241,3.44858,4.09673,2.46237,-1.58235,-1.1964,-0.8397,-1.02303,-1.10762,-0.36089,-0.4007,2.56343,0.85972,-1.03204,1.3,-1.63,-0.04,-0.22,0.03,-0.99,-0.81,0.57
4.265,3.045476429,3.650857028,-0.6053806,0.592,0.283,0.617,0.248,1.612,1.562,1.703,1.699,23037.222,22312.44,24266.731,3.045476429,3.650857028,-0.6053806,5.14761,2.97012,1.19534,4.93414,5.09325,4.53007,3.46175,3.74846,4.29706,2.66288,-1.64492,-1.46825,-0.92901,-1.47817,-1.30447,-0.70687,-1.05329,2.75308,1.18916,-1.35629,1.16,-1.44,-0.06,-0.16,0,-0.33,-0.12,0.25
4.664,1.05658962,4.219413972,-3.162824352,0.309,-0.77,0.538,-0.558,1.572,1.257,1.657,1.605,22457.89,17961.95,22926.195,1.05658962,4.219413972,-3.162824352,5.06945,2.65838,1.40903,4.73438,4.9529,4.49748,3.57596,3.97947,4.43972,2.72604,-0.97523,-1.35377,-0.44731,-1.06001,-1.16128,-0.56986,-1.01607,2.68885,0.88233,-1.11996,1.68,0.44,-0.1,0.19,0.01,-0.91,-0.35,-0.12
1.596,3.667616311,4.298280064,-0.630663752,-0.618,0.241,-0.677,0.141,1.312,1.573,1.349,1.718,18747.329,22467.928,24539.461,3.667616311,4.298280064,-0.630663752,4.94288,2.08369,0.84763,3.7132,4.17131,4.23844,3.07533,3.30915,3.6752,1.42907,0.29207,0.20042,-0.41337,0.24142,-1.53468,0.14264,-0.68107,0.27699,-0.2615,0.08733,-1.64,0.09,0.03,-0.02,0.03,-2.04,-1.74,-1.99
2.706,4.629525105,4.110623209,0.518901896,-0.112,0.497,-0.119,0.236,1.456,1.623,1.55,1.732,20804.043,23184.783,24748.587,4.629525105,4.110623209,0.518901896,4.99055,3.01004,1.93716,4.81536,5.10445,4.83203,2.82849,2.92412,4.05223,2.97735,-0.21506,-0.60139,-0.75854,-0.36379,-1.24038,-0.76048,-1.1484,1.54701,0.388,-1.5605,-1.34,1.02,0.11,0.1,-0.04,-0.07,0.21,-0.35
2.983,3.336128982,4.355492364,-1.019363383,0.172,-0.196,0.327,-0.3,1.544,1.551,1.622,1.702,22063.03,22161.081,24313.787,3.336128982,4.355492364,-1.019363383,5.70274,2.39131,1.01022,4.61042,4.97253,4.69472,4.04897,4.08255,4.31563,2.1301,-0.09896,-0.80644,-0.17797,-0.6558,-2.02424,-0.50388,-1.17163,1.56511,0.72284,-0.75925,-0.28,-1.26,-0.12,-0.06,0.01,-0.82,-0.73,-0.89
1.206,4.228619952,4.503152488,-0.274532536,-0.446,0.546,-0.595,0.567,1.37,1.652,1.386,1.777,19573.788,23597.218,25382.699,4.228619952,4.503152488,-0.274532536,4.51115,2.06708,0.78469,4.08758,4.35324,4.05441,2.79526,2.97985,3.37876,1.69239,0.27378,-0.20476,-0.92197,0.02118,-1.31974,-0.29871,-0.57554,0.51711,0.08718,-0.33767,-1.17,0.75,0.13,-0.04,0.04,-1.89,-0.9,-2.76
2.636,2.896237045,4.05320436,-1.156967314,-0.406,-0.45,-0.551,-0.409,1.423,1.492,1.485,1.667,20328.044,21314.804,23815.893,2.896237045,4.05320436,-1.156967314,4.8131,2.11409,1.06561,3.94613,4.34846,4.24967,3.17168,3.48526,3.95834,1.84934,-0.02592,-0.4825,-0.10607,-0.19179,-1.73185,-0.3587,-0.67287,1.08498,0.23497,0.01178,0.18,-0.79,-0.12,0,0.02,-1.81,-0.88,-1.96
5.047,2.325393647,4.787144962,-2.461751315,0.52,-0.663,0.496,0.038,1.534,1.367,1.644,1.664,21922.03,19536.734,23772.374,2.325393647,4.787144962,-2.461751315,5.22884,2.73283,1.42613,4.64527,5.04728,5.08167,3.46147,3.60934,4.0144,2.49623,-0.41139,-0.72856,-0.70468,-0.85942,-1.37644,-0.44307,-0.75168,1.97116,0.69195,-0.96773,-0.32,-0.12,-0.06,0.02,0.04,-0.56,-0.53,0.91
4.231,3.682016174,3.984727466,-0.302711292,0.366,0.269,0.267,0.348,1.563,1.604,1.634,1.745,22333.818,22923.268,24925.394,3.682016174,3.984727466,-0.302711292,5.17088,2.7185,1.87387,4.62222,4.80015,4.23466,3.24749,3.52154,4.24267,2.31214,-0.72124,-1.0068,-0.92012,-0.94131,-1.1024,-0.31638,-0.78922,1.69523,0.83985,-1.1738,-0.72,0.26,0.07,-0.05,0.02,-0.45,-0.85,0.27
5.062,2.309830456,4.652409076,-2.34257862,0.466,-0.654,0.658,-0.258,1.577,1.351,1.725,1.66,22536.997,19295.618,23713.623,2.309830456,4.652409076,-2.34257862,5.65567,2.88451,1.57724,4.68848,5.18031,4.56295,3.60523,3.87829,4.67258,2.73959,-0.54482,-1.10275,-0.7761,-0.86189,-1.23355,-0.93321,-1.50659,1.99523,0.72356,-2.21066,0.56,0.47,-0.06,0.13,0.02,0.62,0.31,0.95
4.652,4.263758024,4.482527638,-0.218769614,0.46,0.415,0.644,0.296,1.575,1.603,1.696,1.73,22499.892,22897.404,24720.688,4.263758024,4.482527638,-0.218769614,5.25817,3.03079,1.33465,4.46492,4.83329,4.57461,3.67696,3.76584,4.02753,2.2792,-0.65284,-1.11978,-1.09565,-0.90172,-1.72535,-0.83089,-1.15315,1.79206,0.9549,-1.61988,-0.53,-0.62,-0.03,-0.05,-0.01,0.57,0.19,0.52
2.036,3.403990769,5.256585052,-1.852594284,-0.389,0.495,-0.546,0.404,1.37,1.609,1.407,1.722,19567.514,22981.973,24597.134,3.403990769,5.256585052,-1.852594284,4.83563,2.42151,0.95523,4.78168,4.79872,4.50103,2.98469,3.23938,3.89318,2.08786,0.22343,-0.29122,-0.62019,-0.1154,-1.4533,0.05866,-0.57745,0.77015,0.13965,-0.18059,-0.79,0.84,0.09,0.01,0.05,-1.93,-1.56,-2.28
5.922,4.314590284,3.654546006,0.660044279,0.578,0.456,0.78,0.466,1.652,1.636,1.816,1.741,23608.494,23377.234,24878.232,4.314590284,3.654546006,0.660044279,5.23703,2.84355,1.40098,4.77324,5.03742,4.79203,4.01752,4.17506,4.33065,2.57325,-1.57243,-1.36774,-1.80092,-1.32156,-1.93471,-1.04193,-1.46547,2.7662,1.31007,-2.21545,-0.06,-1.62,-0.06,-0.18,-0.01,1.25,0.6,1.45
3.685,2.543730855,4.349199898,-1.805469043,-0.159,-0.607,-0.414,-0.352,1.472,1.427,1.499,1.666,21027.565,20386.54,23799.557,2.543730855,4.349199898,-1.805469043,5.0754,2.27934,1.15807,4.17631,4.49487,4.18677,3.11414,3.4262,3.99721,2.09089,-0.37682,-0.62197,-0.07305,-0.68934,-1.41114,-0.02141,-0.62122,1.73553,0.38066,-0.21315,-0.09,0.48,-0.05,0.11,0.04,-1.66,-1.39,-1.12
2.91,2.341067143,5.134108009,-2.793040866,-0.702,-0.74,-0.793,-0.468,1.184,1.23,1.223,1.585,16917.791,17566.221,22649.065,2.341067143,5.134108009,-2.793040866,4.29057,1.64216,0.95179,3.51952,3.69439,3.4956,2.64607,2.7217,3.77468,1.637,0.46772,-0.4347,-0.44042,0.3266,-0.78312,0.02306,-0.41497,0.11045,-0.26384,-0.19583,-0.97,0.45,-0.02,0.05,0.05,-2.72,-1.27,-1.85
3.026,3.376944318,4.609398348,-1.23245403,0.342,0.014,0.082,-0.037,1.532,1.54,1.563,1.699,21884.181,22003.232,24273.659,3.376944318,4.609398348,-1.23245403,5.06559,2.68471,1.30899,4.31507,4.68501,4.53098,3.51329,3.57769,4.04103,1.93861,-0.156,-0.83428,-0.17915,-0.6178,-1.43529,-0.47424,-0.88991,1.42034,0.65169,-1.15631,-0.66,-0.16,-0.05,0.04,0,-0.44,-0.62,-0.9
3.627,1.75775896,5.56158669,-3.80382773,-0.216,-0.698,-0.236,-0.328,1.435,1.305,1.495,1.627,20499.672,18641.628,23240.634,1.75775896,5.56158669,-3.80382773,4.73385,2.24685,1.14577,4.09353,4.40634,4.09778,3.40613,3.51934,3.9525,2.09952,-0.14434,-0.608,-0.11156,-0.31438,-1.40466,-0.56248,-0.97582,1.36886,0.43376,-0.25545,-0.04,1.92,-0.03,0.32,0.04,-1.56,-0.21,-0.66
1.36,4.180676388,5.297826307,-1.117149919,-0.708,0.443,-0.807,0.231,1.168,1.595,1.219,1.691,16683.265,22792.503,24163.897,4.180676388,5.297826307,-1.117149919,4.41336,1.55205,0.51552,2.95299,3.50145,3.53265,2.406,2.586,3.00965,1.33842,-0.44389,0.20969,-0.23744,0.44558,-0.78642,-0.04492,-0.11823,0.13539,-0.3867,0.22815,-1.63,0.08,0.05,-0.07,0.04,-2.46,-1.25,-2.15
2.72,3.254287856,4.02248641,-0.768198554,-0.097,0.154,0.002,-0.081,1.474,1.549,1.552,1.694,21063.423,22124.078,24196.288,3.254287856,4.02248641,-0.768198554,5.1307,2.4567,1.12798,4.40298,4.69279,4.52275,3.28948,3.34051,3.90385,2.04364,-0.03149,-0.53611,-0.37031,-0.30101,-1.58419,-0.34203,-0.91848,1.2881,0.39767,-0.86694,-0.51,0.86,0,0.17,-0.01,-0.55,-0.83,-1.1
2.849,4.563642524,3.297111261,1.266531263,-0.504,0.565,-0.269,0.516,1.373,1.672,1.524,1.771,19613.755,23892.754,25301.375,4.563642524,3.297111261,1.266531263,4.88732,2.12863,0.87863,4.29855,4.5225,4.39017,3.38931,3.51303,3.71655,1.83299,0.02181,-0.23804,-0.07919,-0.19307,-1.2004,-0.35833,-0.9699,1.4198,0.23279,-0.53615,-1.56,0.08,0.08,-0.11,0.05,-1,-0.84,-1.19
5.587,4.064745893,4.283083841,-0.218337947,0.716,0.419,0.725,-0.001,1.74,1.626,1.826,1.742,24853.605,23228.621,24890.353,4.064745893,4.283083841,-0.218337947,6.0198,3.26263,1.72926,5.02957,5.35313,4.72732,3.88385,3.89609,4.55373,2.50523,-1.3244,-1.92948,-1.47988,-1.38808,-2.19099,-1.65374,-1.75434,2.61645,1.60489,-2.31864,-0.14,-2.26,-0.13,-0.12,-0.09,1.17,1.39,0.83
3.937,4.482771907,4.348712616,0.13405929,0.222,0.584,0.305,0.571,1.488,1.652,1.615,1.75,21261.344,23595.686,25003.273,4.482771907,4.348712616,0.13405929,5.17924,3.10837,1.41714,4.79171,4.82114,4.18011,3.39325,3.38089,3.94866,2.62628,-0.74666,-0.67813,-0.8277,-0.62252,-1.3521,-0.7654,-0.80731,1.05236,0.77592,-1.75494,-1.16,-0.92,0.04,-0.19,0.01,0.53,0.09,-0.02
2.051,3.910157229,4.338418528,-0.428261299,-0.67,0.242,-0.783,0.078,1.29,1.548,1.326,1.692,18429.175,22115.8,24168.509,3.910157229,4.338418528,-0.428261299,4.35512,1.72672,0.62191,3.41865,3.71045,3.71313,2.38119,2.5059,3.37363,1.31061,0.23986,-0.02989,0.07836,0.25238,-0.71112,-0.21547,-0.45178,0.80947,-0.28681,-0.08837,-1.08,1.51,0.09,0.1,0.06,-1.89,-0.96,-2.08
0.888,1.617194226,5.276391557,-3.659197331,-0.4,-0.609,-0.752,-0.089,1.329,1.343,1.264,1.633,18988.548,19190.019,23336.762,1.617194226,5.276391557,-3.659197331,5.05524,2.63271,1.09149,4.76259,4.91012,4.64652,3.05775,3.12671,3.70238,1.94633,0.38869,-0.00531,-0.48319,0.23821,-1.22401,0.09329,0.13627,0.20134,-0.17809,0.02913,-0.49,-0.61,-0.02,-0.08,0.02,-2.18,-1.63,-2.87
4.656,3.421246329,6.369547473,-2.948301144,0.457,-0.144,0.39,0.132,1.544,1.473,1.603,1.664,22061.796,21044.177,23777.772,3.421246329,6.369547473,-2.948301144,5.15474,2.51569,1.20391,4.08103,4.54228,4.22743,3.53353,3.51466,3.86341,1.96043,-0.51291,-1.18846,-0.35516,-0.96597,-1.74659,-0.75246,-1.21585,1.46177,1.00643,-0.79718,-0.51,-0.2,-0.08,0.06,0.01,-0.06,0.27,0.55
5.46,2.724910872,4.855360436,-2.130449564,0.549,-0.541,0.54,-0.129,1.616,1.403,1.665,1.659,23090.371,20037.414,23697.78,2.724910872,4.855360436,-2.130449564,5.58478,2.56654,1.5509,4.74687,5.04494,4.56173,3.91503,4.14618,4.57605,2.5499,-0.51264,-0.89576,-0.65011,-0.81161,-2.271,-0.57492,-1.4435,2.18531,0.59217,-1.13001,0.82,-0.24,-0.13,0.1,0.01,-1.28,-0.32,0.64
3.18,4.767025281,3.311495957,1.455529324,0.628,0.541,0.544,0.58,1.632,1.671,1.659,1.78,23309.224,23871.436,25430.714,4.767025281,3.311495957,1.455529324,5.30112,3.11954,1.83459,4.95275,5.14069,4.69302,3.255,3.38105,4.05125,2.66022,-0.4904,-0.719,-1.87795,-0.57226,-1.98067,-0.82275,-1.19835,1.45013,0.82645,-1.81905,-0.64,-0.56,0.04,-0.07,-0.06,-0.1,0.01,-1.42
4.084,3.736689503,3.826589622,-0.089900118,0.057,0.379,0.576,0.456,1.49,1.584,1.67,1.72,21287.065,22636.097,24568.106,3.736689503,3.826589622,-0.089900118,5.15857,2.56886,1.10949,4.12437,4.79206,4.54537,3.73706,3.74762,4.01643,1.89911,-0.64331,-0.59249,-0.61118,-0.57699,-1.60821,-0.80023,-1.16915,1.90212,0.32039,-1.92707,-0.67,-1.12,-0.04,-0.12,-0.01,0.35,0.02,-0.31
4.509,3.951292103,5.317011859,-1.365719756,0.514,0.574,0.33,0.416,1.548,1.611,1.636,1.701,22112.885,23011.868,24298.278,3.951292103,5.317011859,-1.365719756,5.08204,2.79112,1.44974,4.22985,4.68559,4.449,3.47311,3.5213,3.74164,2.27627,-0.62916,-1.20625,-0.71214,-0.96959,-1.44085,-0.82008,-0.92716,1.94987,1.00438,-1.21077,-0.33,-0.9,-0.02,-0.11,0,0.31,0.34,0.32
3.139,3.264930563,3.441831321,-0.176900758,0.323,0.081,0.438,0.187,1.515,1.564,1.623,1.709,21645.557,22339.736,24421.412,3.264930563,3.441831321,-0.176900758,5.47525,2.86984,1.20496,5.03696,5.43726,4.91566,3.50837,3.80954,4.24087,2.83674,-0.24427,-0.96596,-1.16501,-0.72585,-1.7852,-0.47388,-0.8712,1.59426,0.57226,-0.72511,0.26,0.23,0.01,0.04,0.01,-1.06,-0.62,-1.31
3.824,2.909032529,4.472480602,-1.563448073,-0.475,-0.509,-0.539,0.086,1.398,1.436,1.463,1.691,19969.379,20516.05,24162.073,2.909032529,4.472480602,-1.563448073,4.82705,1.95939,0.86242,4.15332,4.48208,4.26001,3.36834,3.44328,4.09061,1.862,0.15362,-0.01395,0.08827,0.0291,-0.93759,-0.34861,-1.04895,1.09394,-0.18643,-0.21027,-1.09,0.5,0.02,0,0.07,-2.05,-0.75,-0.43
1.995,2.520615631,4.589621248,-2.069005617,-0.685,-0.571,-0.732,-0.568,1.259,1.459,1.335,1.64,17983.248,20850.588,23435.029,2.520615631,4.589621248,-2.069005617,4.85179,1.99088,0.71827,4.29744,4.51682,4.43299,2.53652,2.83079,3.92946,1.80996,0.22644,0.31884,-0.50262,0.1207,-0.6295,0.11103,-0.28664,0.85543,-0.36505,0.21656,-0.64,-0.27,0,-0.07,0.05,-2.77,-1.71,-1.85
5.102,4.607388829,4.166701413,0.440687416,0.568,0.389,0.454,0.104,1.647,1.61,1.738,1.704,23534.319,23006.309,24346.887,4.607388829,4.166701413,0.440687416,5.17763,3.12323,1.88059,4.45002,4.91579,4.53639,3.31152,3.42357,4.13401,2.96957,-1.08553,-1.41315,-2.03792,-1.20017,-1.51252,-1.35613,-1.22438,1.82976,1.16544,-2.05693,-0.05,-1.06,0.01,-0.1,-0.08,1.01,1.35,0.77
3.974,2.684949826,4.580867965,-1.895918139,-0.199,-0.637,-0.193,0.093,1.454,1.375,1.514,1.673,20769.824,19648.103,23900.344,2.684949826,4.580867965,-1.895918139,4.88049,2.29584,1.3497,4.18166,4.47836,4.11226,3.24291,3.27334,3.94795,1.94687,-0.0527,-0.70893,-0.20897,-0.15765,-1.04245,-0.37752,-0.93151,1.28912,0.17847,-0.47909,-0.97,0.89,0.01,0.11,0.03,-0.98,-0.6,-0.12
5.792,5.486162713,3.506004305,1.980158408,0.537,0.649,0.653,0.614,1.595,1.72,1.76,1.787,22786.569,24568.563,25533.836,5.486162713,3.506004305,1.980158408,4.99891,3.63524,2.21309,5.06143,5.26429,4.80719,3.17253,3.37385,3.89352,2.87132,-1.17414,-1.33685,-1.79842,-1.14166,-1.73485,-1.14863,-1.43219,2.03855,0.95639,-1.84188,-1.14,-1.01,0.04,-0.16,-0.04,0.89,0.84,0.47
3.806,4.458508978,4.808970415,-0.350461437,0.536,0.591,0.228,0.496,1.557,1.622,1.585,1.732,22239.991,23174.053,24739.513,4.458508978,4.808970415,-0.350461437,5.0292,2.55436,1.38358,3.9098,4.53701,4.33696,3.05735,3.00435,3.65235,1.94613,-0.30682,-0.81536,-0.97353,-0.74602,-1.40801,-0.54636,-0.91448,1.60597,0.92717,-1.05598,-1.2,-0.21,0.03,-0.06,0,-0.23,-0.31,-0.04
3.928,4.282840354,4.496455752,-0.213615397,0.291,0.514,0.561,0.41,1.497,1.601,1.641,1.713,21391.897,22880.444,24471.704,4.282840354,4.496455752,-0.213615397,5.00222,3.04726,1.43846,4.03174,4.73768,4.57545,2.98049,3.03731,3.99703,2.40137,-0.62746,-0.6954,-0.92626,-0.71543,-1.33785,-0.48173,-0.73043,1.91209,0.60696,-1.17484,-0.29,-0.21,0.03,-0.06,0.02,-0.29,-0.46,0.09
3.179,4.457204947,5.302355945,-0.845150998,-0.432,0.627,-0.479,0.553,1.385,1.677,1.484,1.743,19785.401,23959.599,24901.695,4.457204947,5.302355945,-0.845150998,4.45925,2.12389,0.91817,3.7167,3.93246,3.55821,2.8583,2.95299,3.63475,1.7267,-0.20853,-0.71161,-0.22127,-0.47839,-0.8146,-0.46268,-0.81455,1.17427,0.50677,-0.61273,-1.7,0.85,0.11,-0.03,0.05,-0.66,-0.37,-0.62
4.266,3.581260434,5.386481479,-1.805221045,-0.128,-0.495,-0.084,-0.323,1.471,1.428,1.575,1.653,21020.77,20407.083,23617.025,3.581260434,5.386481479,-1.805221045,4.81038,2.17492,0.91189,3.89582,4.12852,4.00751,3.43752,3.45896,3.79454,1.93251,-0.41123,-0.84131,-0.30686,-0.80671,-1.17158,-0.66052,-1.02791,1.44977,0.93283,-1.14528,-1.04,-0.42,-0.05,-0.02,0.02,-0.23,0.01,0.21
4.275,3.898795835,4.988176072,-1.089380237,0.666,0.435,0.644,0.371,1.607,1.571,1.672,1.719,22953.49,22445.807,24557.819,3.898795835,4.988176072,-1.089380237,5.36232,2.95121,1.39964,4.64036,4.96477,4.53837,3.42347,3.53338,4.15142,2.30119,-0.49204,-1.17236,-0.74735,-1.18653,-1.69541,-0.68458,-1.0792,2.09137,1.37855,-1.08563,-0.2,-0.77,-0.05,-0.03,-0.03,0.06,-0.11,0.5
1.952,3.932117753,3.7543277,0.177790052,-0.538,0.272,-0.592,0.251,1.367,1.584,1.411,1.727,19526.716,22625.774,24675.679,3.932117753,3.7543277,0.177790052,4.72238,2.75885,1.51147,4.33332,4.28888,3.93329,2.96711,3.19424,3.78105,1.76635,0.42677,-0.01522,-0.32668,0.06424,-1.08149,-0.309,-0.44197,0.52625,-0.11759,-1.1129,-1.99,0.55,0.1,-0.04,0.04,-1.13,-0.84,-1.58
2.748,4.017439082,3.227968747,0.789470334,-0.508,0.447,-0.557,0.35,1.395,1.629,1.462,1.755,19925.296,23276.67,25077.301,4.017439082,3.227968747,0.789470334,5.04129,2.04244,0.76927,4.3941,4.60308,4.08063,3.4617,3.41252,4.06482,1.75147,-0.03861,-0.44017,-0.47467,-0.20311,-1.59953,-0.11317,-0.60664,0.80363,0.24376,-0.46029,-1.23,0.45,0.06,0.02,0.01,-1.19,-1.35,-0.88
1.687,3.304226132,4.496653928,-1.192427796,-0.669,-0.597,-0.623,-0.183,1.266,1.379,1.381,1.661,18085.947,19695.695,23733.552,3.304226132,4.496653928,-1.192427796,4.65278,2.12149,0.9187,3.86314,4.11541,4.03416,2.24132,2.52922,3.77843,1.52425,-0.00282,-0.53474,0.02079,-0.1748,-1.21199,-0.40759,-0.72236,0.44402,0.12402,-1.1932,-1.03,1.03,0.03,0.14,0.01,-0.73,-0.48,-2.37
1.659,1.778075154,4.389020176,-2.610945022,-0.424,-0.695,-0.481,-0.523,1.383,1.357,1.396,1.635,19761.507,19381.697,23362.761,1.778075154,4.389020176,-2.610945022,5.33969,2.23031,1.07028,4.66597,4.94217,4.77977,3.61987,3.61257,4.12172,2.24902,0.29691,-0.07978,0.18394,0.30644,-1.75902,-0.15785,-1.09604,0.30802,-0.19984,-0.1658,-0.24,1.43,-0.05,0.29,0.02,-1.57,-1.18,-2.03
2.238,4.168004541,4.999613224,-0.831608683,-0.391,0.456,-0.392,0.429,1.38,1.557,1.467,1.704,19722.695,22251.842,24343.425,4.168004541,4.999613224,-0.831608683,4.69814,2.22538,0.96064,3.95376,4.27428,4.14221,3.14692,3.29647,3.64799,1.70474,0.09025,-0.86484,-0.72367,-0.30378,-1.4966,-0.71854,-1.18862,0.59712,0.37979,-0.76825,-1.18,0.91,0.05,0.12,-0.01,-0.25,0.21,-1.56
6.288,3.814427021,4.603860315,-0.789433294,0.699,0.371,0.831,0.383,1.712,1.57,1.808,1.715,24462.921,22425.723,24497.048,3.814427021,4.603860315,-0.789433294,5.52863,3.34686,1.68989,4.96764,5.32187,5.06957,4.01257,4.12507,4.58494,2.88085,-1.43606,-1.39241,-1.35165,-1.62213,-1.61109,-1.0934,-1.50969,2.78802,1.4037,-1.99575,0.57,-1.89,-0.11,-0.16,-0.01,1.29,0.68,1.86
3.377,4.871349879,5.312064671,-0.440714792,0.296,0.483,-0.108,0.378,1.498,1.595,1.481,1.715,21394.887,22789.203,24503.812,4.871349879,5.312064671,-0.440714792,4.73803,2.15723,1.45799,4.14971,4.26806,3.79344,3.31931,3.35113,3.69392,2.1261,-0.22922,-0.6672,-0.28598,-0.31557,-1.91441,-0.73637,-1.2721,0.83072,0.54112,-0.57258,-0.98,1.15,0.01,0.22,-0.04,-0.79,0.33,-1.82
3.731,4.738071251,4.176200675,0.561870575,0.533,0.567,0.533,0.475,1.584,1.674,1.69,1.753,22635.732,23917.807,25039.566,4.738071251,4.176200675,0.561870575,5.55471,3.16106,1.729,4.58643,4.90191,4.52047,3.68083,3.69349,3.99676,2.01185,-0.36457,-1.18324,-1.53098,-0.33429,-1.77243,-1.6222,-1.54834,1.64629,0.5989,-2.28344,-1.02,-1.08,0,-0.1,-0.07,0.29,1.58,-1.54
4.466,3.687851556,5.782798527,-2.094946971,0.436,-0.341,0.401,0.219,1.518,1.43,1.58,1.662,21688.103,20435.351,23748.956,3.687851556,5.782798527,-2.094946971,4.83,2.53602,1.48741,4.36025,4.33581,3.89178,3.41804,3.33045,3.82279,2.09616,-0.34333,-0.96873,-0.36453,-0.75043,-1.60525,-0.76278,-1.14556,1.34007,0.81239,-0.40898,-0.86,0.12,-0.04,0.08,-0.01,-0.28,0.37,0.33
3.763,3.116701788,4.420269853,-1.303568065,0.508,0,0.326,0.26,1.564,1.51,1.568,1.688,22340.947,21577.971,24110.111,3.116701788,4.420269853,-1.303568065,5.02692,2.77838,1.29318,4.26322,4.59753,4.70509,2.77342,3.05243,4.06808,2.28407,-0.56494,-0.96565,-0.57913,-0.59786,-1.40767,-0.49934,-0.78022,1.82234,0.87648,-0.78237,-0.18,-1.07,-0.02,-0.14,0,-0.44,-0.36,-0.25
3.205,5.162776806,5.36230693,-0.199530124,-0.39,0.548,-0.405,0.472,1.397,1.641,1.496,1.737,19954.693,23443.555,24820.578,5.162776806,5.36230693,-0.199530124,4.72475,2.24669,0.85401,4.0687,4.42367,4.05585,2.57739,2.93989,3.54243,1.73674,-0.2685,-0.66068,-0.58726,-0.42169,-1.08248,-0.2335,-0.47682,1.2613,0.57889,-0.44111,-1.34,0.49,0.07,-0.01,0.02,-1.03,-0.87,-0.54
4.151,2.745574243,5.644066106,-2.898491863,0.227,-0.546,0.298,-0.259,1.483,1.42,1.574,1.649,21190.76,20286.308,23558.687,2.745574243,5.644066106,-2.898491863,4.94492,2.53462,1.27811,4.3105,4.86998,4.59043,3.20656,3.4059,3.89244,2.04671,-0.24524,-0.4628,-0.25978,-0.28993,-1.51658,-1.30198,-0.94247,1.44207,0.3931,-0.4497,-0.18,-0.85,-0.1,-0.02,0.01,-0.92,1.2,-0.7
4.019,3.356033513,5.194587603,-1.83855409,0.543,-0.247,0.481,0.168,1.581,1.48,1.636,1.689,22586.773,21148.142,24129.073,3.356033513,5.194587603,-1.83855409,5.50724,2.51292,1.30286,4.33785,4.96373,4.40756,3.95836,3.78513,4.05029,2.47198,-0.14037,-0.97631,-0.14907,-0.73947,-2.18437,-0.65248,-1.39698,1.56556,0.79794,-1.32751,-1.05,-0.36,-0.13,0.1,0,0.4,-0.11,0.16
6.007,3.754727849,5.020244319,-1.265516471,0.751,0.371,0.879,0.479,1.726,1.569,1.829,1.727,24655.402,22417.399,24666.948,3.754727849,5.020244319,-1.265516471,5.86328,3.47071,1.84262,5.00441,5.42163,4.92083,4.07818,3.98263,4.39305,2.75822,-1.10249,-1.5379,-1.33937,-1.56296,-1.73142,-1.34106,-1.67125,2.537,1.74533,-2.09558,-0.07,-2.27,-0.11,-0.18,-0.06,1.75,1.14,2.22
7.686,5.026712464,4.10588158,0.920830884,0.795,0.515,0.815,0.476,1.774,1.652,1.912,1.745,25342.119,23600.437,24926.426,5.026712464,4.10588158,0.920830884,5.46684,4.23262,2.4428,5.38434,5.4731,5.22297,3.89191,3.89289,4.47711,3.5989,-1.9307,-1.85015,-2.63906,-1.83766,-2.13851,-2.2488,-2.02829,2.52079,1.95772,-3.93634,-0.17,-2.2,-0.04,-0.19,-0.12,3.04,3.26,2.45
2.458,2.634024552,4.906346434,-2.272321881,-0.464,-0.313,-0.638,-0.132,1.37,1.475,1.413,1.664,19579.522,21073.801,23768.461,2.634024552,4.906346434,-2.272321881,4.85831,2.10098,0.79604,3.77533,4.24968,4.17514,3.32263,3.39865,3.8447,1.60741,0.08868,-0.04652,0.10873,0.12389,-1.07114,-0.02378,-0.60789,0.76505,-0.12772,0.01992,-1.1,-0.48,-0.05,-0.05,0.04,-2.12,-1.47,-1.98
1.483,4.407129739,4.380205015,0.026924724,-0.334,0.637,-0.403,0.446,1.418,1.661,1.466,1.752,20263.037,23736.247,25024.43,4.407129739,4.380205015,0.026924724,4.90382,2.31351,0.90487,4.20929,4.57027,4.36778,3.65189,3.58352,3.71779,2.09554,-0.00022,-0.27175,-1.34524,-0.16418,-1.73537,-0.35617,-1.0661,0.54169,0.24401,-0.21859,-1.46,0.03,0.02,-0.02,0.02,-1.26,-0.76,-2.28
3.603,3.659835844,4.692019036,-1.032183192,0.443,0.258,0.528,0.34,1.521,1.54,1.618,1.696,21734.902,22004.81,24224.737,3.659835844,4.692019036,-1.032183192,5.14611,2.83031,1.35507,4.48232,4.99011,4.60843,3.64027,3.88033,4.07176,2.25982,-0.57371,-0.67032,-1.09168,-0.5565,-1.70863,-0.69273,-1.04263,1.64593,0.44832,-0.90312,-0.44,-0.23,-0.04,0.01,0.01,-0.1,-0.02,-0.5
3.677,3.554259105,4.573910402,-1.019651297,-0.439,0.099,-0.458,-0.042,1.415,1.561,1.5,1.71,20217.062,22301.171,24426.271,3.554259105,4.573910402,-1.019651297,5.36185,2.15824,0.88675,4.16831,4.65146,4.19572,3.32839,3.46561,3.90738,1.7067,0.11358,-0.08509,-0.54638,0.02914,-1.76591,-0.25596,-1.31358,0.49783,0.06919,-0.28722,-0.81,1.48,0.02,0.21,0.02,-1.56,-1.08,-0.49
5.199,2.817255234,5.113926183,-2.296670949,0.349,-0.565,0.485,-0.275,1.568,1.397,1.682,1.651,22401.256,19961.184,23587.361,2.817255234,5.113926183,-2.296670949,5.28772,2.73585,1.36436,4.22541,4.65184,4.39156,3.74854,3.86156,4.24864,2.19936,-0.81079,-1.16857,-0.45301,-1.06749,-1.29608,-0.6913,-1.3187,2.10103,1.11387,-1.41875,-0.48,-0.73,-0.13,0.01,0.03,0.37,-0.07,0.73
4.985,3.535678753,4.923016856,-1.387338103,0.645,0.411,0.748,0.168,1.65,1.59,1.738,1.712,23577.404,22718.062,24457.361,3.535678753,4.923016856,-1.387338103,5.39469,2.74114,1.50477,4.721,5.02807,4.75416,3.82902,3.91008,4.39738,2.45284,-0.76915,-1.45399,-1.04394,-1.16936,-1.80639,-0.77613,-1.59374,2.11764,1.29993,-1.52291,0.49,-0.77,-0.08,0,-0.02,0.45,0,0.73
4.984,4.410031732,5.626386438,-1.216354707,-0.005,0.351,-0.164,0.249,1.487,1.537,1.589,1.68,21238.051,21956.327,24004.645,4.410031732,5.626386438,-1.216354707,4.45348,2.13234,1.25624,3.70044,4.04552,3.61336,2.89903,3.06629,3.65036,1.81274,-0.77773,-1.06615,-0.8245,-0.85326,-1.05247,-0.80133,-0.91536,1.70854,0.94244,-1.27581,-0.84,-0.13,0,-0.05,0.03,0.52,0.58,0.86
5.612,4.580190637,3.943675335,0.636515302,0.628,0.621,0.658,0.418,1.625,1.667,1.754,1.743,23213.202,23815.568,24907.1,4.580190637,3.943675335,0.636515302,5.32959,3.38165,1.90499,4.9383,5.07758,4.62548,3.65521,3.68193,4.19409,2.67287,-1.27529,-1.13279,-1.29654,-1.21587,-1.60579,-1.15962,-1.39468,2.2828,1.09608,-1.64002,-0.81,-1.61,-0.03,-0.2,-0.02,1.08,0.94,1.11
5.833,4.329016137,3.942528777,0.38648736,0.699,0.453,0.713,0.452,1.694,1.629,1.804,1.75,24208.311,23278.232,24997.984,4.329016137,3.942528777,0.38648736,5.34343,3.32217,2.19723,5.06788,5.2765,4.78416,3.68613,3.68849,4.30545,3.07582,-1.64403,-1.35643,-2.20227,-1.32831,-1.96725,-1.30632,-1.33301,2.25538,1.15321,-1.70755,-0.07,-2.17,-0.05,-0.21,-0.07,0.56,0.98,1.29
2.802,4.13945597,5.953009685,-1.813553715,-0.364,0.224,-0.542,0.095,1.379,1.523,1.404,1.672,19701.663,21752.965,23894.127,4.13945597,5.953009685,-1.813553715,4.836,2.46437,1.19318,4.10807,4.14799,4.12775,2.90488,2.93467,3.675,1.66724,-0.14423,-0.23726,0.12553,-0.22687,-1.03517,-0.84463,-0.45541,0.87238,0.29652,-0.21494,-1.12,0.14,0.01,-0.04,0.05,-1.29,0.45,-0.51
2.866,3.650047516,6.103642328,-2.453594812,-0.442,0.173,-0.779,0.01,1.33,1.505,1.34,1.656,19001.47,21502.316,23662.101,3.650047516,6.103642328,-2.453594812,4.42111,1.80038,0.76512,3.53756,3.75459,3.63887,3.00366,2.92,3.15473,1.62066,0.32072,-0.03669,-0.44631,0.03727,-1.19353,-0.02498,-0.31782,0.55493,-0.08446,-0.17016,-1.23,-0.71,-0.01,-0.12,0.03,-1.39,-1.2,-0.83
3.143,3.585744618,4.868113006,-1.282368387,-0.521,0.198,-0.697,-0.034,1.368,1.566,1.459,1.695,19543.117,22374.726,24214.32,3.585744618,4.868113006,-1.282368387,4.51543,1.64644,0.70648,3.75364,4.17033,3.72767,3.25393,3.4749,3.84456,1.48325,-0.31348,-0.04806,-0.10695,-0.08679,-0.92053,-0.09542,-0.31641,1.54077,0.11648,0.01852,-0.72,-0.11,-0.01,-0.07,0.08,-2.24,-1.32,-0.48
4.07,2.101367137,4.49474637,-2.393379233,0.564,-0.798,0.494,-0.552,1.613,1.321,1.668,1.633,23038.198,18879.405,23329.823,2.101367137,4.49474637,-2.393379233,5.42085,2.64631,1.47638,4.55078,4.9933,4.70154,3.68618,3.687,4.20387,2.35994,-0.56563,-1.18686,-0.68576,-1.09708,-1.72439,-0.97881,-1.35615,2.06565,1.13397,-0.99882,0.21,-0.1,-0.13,0.16,-0.01,-0.23,0.36,0
4.227,3.025337629,5.115180839,-2.08984321,0.256,-0.522,0.351,-0.376,1.523,1.457,1.604,1.661,21752.603,20816.188,23723.708,3.025337629,5.115180839,-2.08984321,5.01954,2.28102,1.10407,4.11538,4.63017,4.42032,3.81432,3.92472,4.11548,2.01175,-0.35628,-0.6689,-0.40781,-0.54266,-1.79812,-0.48288,-1.05409,1.87767,0.67778,-0.35405,0.24,0.35,-0.1,0.17,0.01,-0.96,-0.5,0.03
4.158,3.449424624,5.234946713,-1.785522089,0.336,-0.216,0.246,0.007,1.536,1.489,1.611,1.685,21944.685,21278.079,24074.553,3.449424624,5.234946713,-1.785522089,4.91427,2.52181,1.54612,4.04076,4.4324,4.08014,3.28529,3.47053,3.87634,2.13185,-0.37155,-1.07788,-0.75375,-0.9104,-1.34553,-0.62745,-1.15565,1.73116,0.8696,-1.26313,-0.34,0.55,-0.03,0.1,0.03,-0.01,-0.07,0.04
2.671,3.868864342,4.517540184,-0.648675843,0.138,0.249,-0.375,0.029,1.5,1.573,1.515,1.718,21434.433,22472.038,24541.207,3.868864342,4.517540184,-0.648675843,5.43139,2.71561,1.4596,4.22591,4.83106,4.66034,2.98887,3.18844,3.9312,2.12381,0.0371,-0.51246,-0.34926,-0.48462,-1.36239,-0.503,-0.72876,0.9085,0.47545,-0.57124,-1.3,0.79,0.04,0.09,0.02,-1,-0.62,-1.48
3.68,1.318846092,4.673650502,-3.35480441,-0.2,-0.756,-0.176,-0.395,1.456,1.274,1.542,1.622,20795.105,18196.724,23177.595,1.318846092,4.673650502,-3.35480441,5.06315,2.03267,1.06736,4.13223,4.52308,4.27522,3.67523,3.99121,4.34209,1.90933,-0.02518,-0.42187,0.03483,-0.15616,-1.66938,-0.24697,-1.05962,1.72191,0.18389,-0.18991,-0.24,-0.18,-0.15,0.09,0.06,-1.45,-0.99,-0.87
5.759,4.941640947,4.259456153,0.682184793,0.624,0.606,0.71,0.579,1.635,1.698,1.779,1.777,23363.25,24265.341,25391.756,4.941640947,4.259456153,0.682184793,5.41767,3.55245,2.11687,4.81218,5.18787,4.83797,3.41507,3.58403,4.32568,2.65797,-1.33154,-1.47086,-1.5966,-1.16913,-1.70383,-1.33245,-1.20572,2.54779,1.2204,-3.02942,-0.38,-0.46,0.05,-0.06,-0.07,1.59,1.08,0.85
2.991,2.658605223,4.985197003,-2.32659178,-0.601,-0.515,-0.557,0.086,1.328,1.442,1.453,1.675,18969.804,20604.982,23935.952,2.658605223,4.985197003,-2.32659178,4.47668,2.08154,1.04677,3.64293,3.94201,3.81787,2.48193,2.774,3.7977,1.52829,-0.03484,-0.22716,0.04626,-0.04363,-0.69506,-0.0251,-0.30954,0.92726,-0.08196,-0.85009,-0.98,0.4,0.04,-0.02,0.06,-1.61,-1.4,-1.25
6.108,3.569114192,5.640649935,-2.071535743,0.542,0.276,0.739,0.154,1.612,1.514,1.781,1.665,23032.844,21625.145,23794.577,3.569114192,5.640649935,-2.071535743,5.0959,2.71471,1.3886,4.20613,4.59215,4.16001,3.63558,3.77995,4.05659,2.31549,-1.47435,-1.62247,-1.26636,-1.51248,-1.75048,-1.20396,-1.61754,2.31832,1.42824,-1.8153,-0.1,-2.03,-0.13,-0.15,-0.03,1.46,1.15,1.61
4.713,3.474039613,4.874153681,-1.400114069,0.575,-0.21,0.616,-0.459,1.622,1.557,1.757,1.679,23166.901,22242.934,23987.048,3.474039613,4.874153681,-1.400114069,5.38666,3.00208,1.67853,4.73951,4.95163,4.40007,3.99316,4.07908,4.29688,2.4875,-1.52646,-1.30571,-1.67067,-1.11642,-1.74262,-1.01123,-1.29331,2.29871,0.78633,-1.64037,0.76,-2.96,-0.15,-0.25,-0.04,0.44,0.25,0.76
4.587,3.593486197,4.232335998,-0.6388498,0.597,-0.256,0.536,0.092,1.624,1.507,1.673,1.694,23194.997,21523.403,24204.206,3.593486197,4.232335998,-0.6388498,5.20773,2.86463,1.67658,4.44888,4.83811,4.63361,3.29855,3.37099,4.16467,2.42816,-1.14192,-1.26291,-0.93713,-1.25702,-1.54368,-1.11018,-1.26025,2.30753,1.2062,-1.72286,0.04,-0.28,-0.04,0.04,-0.04,0.54,0.8,-0.62
1.31,3.769007445,5.062719134,-1.293711689,-0.562,0.531,-0.755,0.48,1.318,1.6,1.305,1.726,18836.927,22853.346,24658.781,3.769007445,5.062719134,-1.293711689,4.65837,2.2007,0.85063,3.82132,4.15358,3.96418,2.58063,2.79906,3.2257,1.46904,0.37798,0.46678,0.14195,0.44905,-1.15917,-0.39037,-0.39514,0.18088,-0.32786,0.18982,-1.91,0.8,0.08,0.01,0.05,-2.27,-0.73,-1.8
3.03,3.98890441,4.932766079,-0.943861669,-0.158,0.115,0.177,0.101,1.435,1.526,1.57,1.684,20496.763,21806.775,24065.33,3.98890441,4.932766079,-0.943861669,5.123,2.5282,1.24118,4.27216,4.69724,4.42173,3.3619,3.49526,3.83166,2.10991,-0.3468,-0.87793,-0.2757,-0.51291,-1.6124,-0.60435,-1.20202,1.43652,0.65637,-1.21847,-0.89,1.27,0.01,0.2,0.01,0.26,-0.09,-0.86
2.476,2.260586483,4.116438651,-1.855852168,-0.219,-0.58,-0.571,-0.533,1.491,1.491,1.489,1.694,21305.693,21305.097,24206.821,2.260586483,4.116438651,-1.855852168,5.80247,2.38419,1.69138,4.2857,4.92,4.355,3.32502,3.56049,4.48365,1.91233,0.36819,-0.13222,0.0003,-0.20333,-0.77759,-0.16607,-0.53932,1.01533,0.19897,-1.15681,-0.67,-0.59,-0.03,-0.09,0.05,-1.88,-1.43,-1.97
0.631,3.128013692,5.168895818,-2.040882126,-0.71,-0.468,-0.835,-0.233,1.211,1.468,1.255,1.694,17296.09,20978.724,24205.053,3.128013692,5.168895818,-2.040882126,4.54468,1.69744,0.83483,3.57882,4.02699,3.7358,2.29908,2.53766,3.24294,1.30074,0.39211,0.25288,-0.17682,0.18693,-0.62959,-0.1053,-0.11325,0.19102,-0.30531,-0.28824,-1.68,1.1,0.06,0.06,0.08,-2.27,-1.3,-2.36
4.974,5.227968967,4.604267306,0.623701661,0.594,0.633,0.527,0.517,1.616,1.696,1.69,1.753,23089.803,24230.711,25049.47,5.227968967,4.604267306,0.623701661,5.05147,3.38227,1.4871,5.00605,5.16548,4.71448,3.53616,3.42022,4.19009,1.93823,-0.59106,-1.22197,-1.10899,-0.95417,-1.70351,-1.1603,-1.29294,1.65979,1.14254,-1.61175,-1.28,-0.94,0.01,-0.12,-0.03,1.04,1.06,1.14
